{
    "6": ["Pont", "Vous prenez un petit raccourcis qui vous même en case 12."],
    "19": ["Hôtel", "Une bonne nuit de repos, ça fait du bien ! Vous laissez les autres joueurs se fatiguer à courir pendant un tour."],
    "31": ["Puits", "Plouf ! Vous voilà tombé dans le puits. Attentez qu'un autre joueur prenne votre place."],
    "42": ["Labyrinthe", "Perdu dans des dédales sombre, vous vous retrouvez en case 30."],
    "52": ["Prison", "Mais qu'avez-vous fait ! Vous voilà en prison. Attendez qu'une âme charitable vous ouvre la porte."],
    "58": ["Mort", "Vous voyez un grand tunnel de lumière. Puis en vous réveillant vous vous rendez compte que vous vous êtes réincarné en nouveau joueur prêt à commencer le jeu à la case départ."],
    "9": ["Oie", "Attention l'oie va vous pincer ! Vous courez et vous arrêtez au double de la distance prévue initialement."],
    "18": ["Oie", "Attention l'oie va vous pincer ! Vous courez et vous arrêtez au double de la distance prévue initialement."],
    "27": ["Oie", "Attention l'oie va vous pincer ! Vous courez et vous arrêtez au double de la distance prévue initialement."],
    "36": ["Oie", "Attention l'oie va vous pincer ! Vous courez et vous arrêtez au double de la distance prévue initialement."],
    "45": ["Oie", "Attention l'oie va vous pincer ! Vous courez et vous arrêtez au double de la distance prévue initialement."],
    "54": ["Oie", "Attention l'oie va vous pincer ! Vous courez et vous arrêtez au double de la distance prévue initialement."]
}